No;Country;Country_code;Year;TFP_2015;NetCapital_GVA;Manager_ratio;FactorIncome_paid_2010;EntrIncome_unpaid_2010;Income_rur;Poverty_rur;Unempl_rur;RenewProd_UAA;Organic_p;GHG_UAA;GNB_UAA;GDP
1;Austria;AT;2004;100.945;11.346;52.029;88.9;87.58;16.151;11.8;4;7.495;16.07;2.762;35.957;332200
2;Austria;AT;2005;96.1;11.764;51.33;88.21;86.26;16.373;13.7;4;13.067;16.795;2.764;22.186;339655
3;Austria;AT;2006;96.245;12.133;48.714;98.84;98.12;16.873;12.2;3.6;21.538;16.804;2.734;30.088;351387
4;Austria;AT;2007;97.693;11.18;46.097;110.99;111.53;17.295;11.2;3.1;69.312;17.042;2.703;35.005;364485
5;Austria;AT;2008;105.991;10.541;44.375;108.31;108.65;18.683;12.4;2.8;132.957;17.534;2.762;33.947;369808
6;Austria;AT;2009;104.81;11.433;42.652;84.16;81.88;19.089;11.8;3.5;162;18.562;2.734;23.784;355886
7;Austria;AT;2010;95.498;12.298;40.93;100;100;19.466;12;3.3;165.566;19.56;2.794;29.398;362424
8;Austria;AT;2011;102.213;10.835;40.244;114.14;116.45;20.109;12.8;3;161.335;19.679;2.823;28.999;373017
9;Austria;AT;2012;101.252;11.908;39.558;107.39;109.18;20.866;11.9;3;162.295;19.659;2.823;30.838;375555
10;Austria;AT;2013;98.068;12.442;38.872;95.05;94.79;20.981;11.4;3.2;153.53;19.39;2.826;40.651;375651
11;Austria;AT;2014;97.398;12.158;39.851;88.96;85.82;21.99;10.5;3.3;215.448;19.343;2.861;29.631;378135
12;Austria;AT;2015;100;11.872;40.83;84.22;80.59;22.654;10.3;3.5;245.257;20.309;2.855;41.248;381971
13;Austria;AT;2016;99.945;11.532;41.809;94.97;93.19;23.369;11.6;3.5;238.449;21.4;2.913;31.94;389570
14;Austria;AT;2017;104.866;11.359;41.987;106.15;109.45;23.579;10.5;3;228.733;23.38;2.907;46.294;398369
15;Austria;AT;2018;108.235;11.066;41.301;100.49;99.31;23.745;11.6;2.5;206.568;24.091;2.842;45.889;408335
16;Austria;AT;2019;108.779;11.381;40.744;93.91;91.4;23.904;9.4;2.2;210.428;25.336;2.821;34.125;414424
17;Austria;AT;2020;110.007;11.648;40.038;94.33;92.01;23.883;9.2;2.9;294.166;26.428;2.803;38.329;386514
18;Belgium;BE;2004;92.094;3.182;18.719;82.29;80.1;14.712;16.6;6.2;25.336;1.711;7.548;145.89;393515
19;Belgium;BE;2005;89.951;3.246;18.38;75.18;69.62;15.202;18.2;8.4;29.086;1.764;7.481;146.024;402652
20;Belgium;BE;2006;89.767;2.893;16.597;92.64;97.93;16.432;14.1;8.3;35.186;2.072;7.385;152.045;412929
21;Belgium;BE;2007;87.83;3.001;14.813;100.13;113.27;15.368;18.2;7.2;50.012;2.392;7.439;145.201;428112
22;Belgium;BE;2008;87.719;3.061;13.486;80.95;73.32;16.249;16.4;7.3;54.567;2.622;7.359;124.477;430025
23;Belgium;BE;2009;87.304;3.315;12.158;76.94;64.75;18.436;13.1;7.6;236.741;3.032;7.47;129.447;421336
24;Belgium;BE;2010;93.034;3.046;10.831;100;100;16.91;12.6;8;436.704;3.614;7.536;142.206;433404
25;Belgium;BE;2011;93.969;3.114;10;89.34;76.61;17.696;13.4;5.1;441.888;4.432;7.575;143.382;440748
26;Belgium;BE;2012;91.514;3.194;9.169;109.4;105.93;18.486;12.2;5.5;469.625;4.482;7.484;143.277;444006
27;Belgium;BE;2013;93.494;3.783;8.338;87.67;70.19;19.376;12.8;6.3;482.125;4.676;7.37;138.098;446045
28;Belgium;BE;2014;99.569;3.833;9.633;83.71;61.96;19.363;14.2;6.8;605.731;5.01;7.528;131.864;453086
29;Belgium;BE;2015;100;3.257;10.927;92.74;78.19;20.4;12.8;6.3;483.577;5.181;7.626;132.191;462336
30;Belgium;BE;2016;96.719;3.522;12.222;82.49;66.77;21.803;14.4;5.9;471.336;5.811;7.378;135.509;468192
31;Belgium;BE;2017;97.753;3.596;12.826;88.98;74.34;21.138;16;4.9;512.268;6.292;7.293;130.585;475775
32;Belgium;BE;2018;92.741;4.882;12.859;79.1;55.98;21.282;15.3;4.3;467.134;6.573;7.215;128.269;484430
33;Belgium;BE;2019;102.099;4.453;12.726;95.26;85.32;22.148;14;4.1;478.686;6.865;7.162;115.245;494843
34;Belgium;BE;2020;97.938;4.042;12.327;96.39;88.37;22.471;12.9;4.1;556.14;7.633;7.093;120.917;466837
35;Bulgaria;BG;2004;91.809;0.883;6.352;78.59;89.98;2.434;25.047;13.208;0.078;0.032;1.015;18.876;37423.2436
36;Bulgaria;BG;2005;79.797;1.028;6.493;81.56;93.84;2.583;25.2;12.554;0.111;0.046;0.933;25.167;40063.95772
37;Bulgaria;BG;2006;88.027;1.089;5.76;79.16;98.73;2.77;25.2;11.2;0.193;0.091;0.862;24.171;42789.34425
38;Bulgaria;BG;2007;71.972;1.57;5.027;79.29;85.69;2.947;27;9.3;0.195;0.266;0.929;36.369;45609.75289
39;Bulgaria;BG;2008;98.011;1.371;7.021;128.14;147.45;4.107;27.4;7.6;1.911;0.327;0.949;15.875;48399.25357
40;Bulgaria;BG;2009;85.906;1.57;9.016;89.85;91.35;4.883;30.4;8.5;2.338;0.245;0.99;20.298;46815.70052
41;Bulgaria;BG;2010;95.805;1.864;11.01;100;100;4.811;30.1;12.4;4.553;0.507;0.944;14.201;47537.50567
42;Bulgaria;BG;2011;97.355;1.894;10.791;115.64;117.49;4.699;31.8;13.9;7.097;0.523;1.05;11.851;48536.36647
43;Bulgaria;BG;2012;92.687;2.251;10.573;133.37;126.5;4.363;34.2;17.2;7.447;0.789;0.906;24.201;48902.78225
44;Bulgaria;BG;2013;110.214;2.272;10.354;162.01;162.71;4.512;33.9;18.1;10.745;1.121;0.97;15.808;48628.68511
45;Bulgaria;BG;2014;106.882;2.263;10.987;173.46;166.23;5.253;33.7;17.6;14.473;1.493;1.007;27.624;49098.8608
46;Bulgaria;BG;2015;100;2.616;11.619;158.97;125.78;5.193;35.8;14.9;13.969;2.37;1.018;27.432;50781.99671
47;Bulgaria;BG;2016;101.588;2.456;12.252;189.45;166.06;5.12;36.6;12.1;24.921;3.199;1.019;28.191;52325.68069
48;Bulgaria;BG;2017;102.891;2.324;12.806;223.76;207.79;5.627;37.5;10.3;27.076;2.716;1.027;29.574;53771.00544
49;Bulgaria;BG;2018;100.291;2.469;13.496;221.89;198.39;5.406;36.8;9.3;33.41;2.895;1.011;29.249;55214.52902
50;Bulgaria;BG;2019;102.677;2.444;14.072;242.58;225.66;6.348;35.6;8;41.499;4.26;1;29.869;57443.86647
51;Bulgaria;BG;2020;102.696;2.712;14.941;248.01;232.07;6.639;36.3;9.2;68.385;5.908;1.001;30.447;54923.71798
52;Croatia;HR;2004;61.379;3.296;6.739;77.477;74.061;5.599;31.526;49.526;1.588;0.189;2.903;111.062;47103.39721
53;Croatia;HR;2005;64.09;3.553;6.809;82.82;82.01;5.774;30.473;45.494;1.889;0.238;2.682;107.307;49134.68467
54;Croatia;HR;2006;71.645;3.268;6.842;96.42;99.3;5.965;30.143;41.057;2.476;0.477;2.988;107.842;51561.13058
55;Croatia;HR;2007;74.159;3.399;7.061;99.68;101.86;6.095;30.152;36.035;2.945;0.624;3.072;121.328;54094.23172
56;Croatia;HR;2008;79.779;3.125;7.039;114.63;118.04;6.343;29.571;32.113;2.397;0.776;3.003;114.7;55119.55735
57;Croatia;HR;2009;83.803;3.244;7.017;109.34;112.21;6.52;29.031;28.046;4.294;1.085;2.248;61.646;51105.91679
58;Croatia;HR;2010;77.532;3.482;6.995;100;100;6.726;29;24.3;11.621;1.747;2.204;80.827;50466.73485
59;Croatia;HR;2011;79.952;3.491;7.414;95.5;94.89;6.685;27.2;26.7;8.001;2.413;2.314;93.237;50423.71521
60;Croatia;HR;2012;81.667;4.17;7.833;81.72;78.91;6.626;26.6;16.9;32.72;2.397;2.172;86.337;49276.21938
61;Croatia;HR;2013;86.654;3.902;8.252;90.47;89.48;6.659;25.6;19.8;27.665;2.59;1.682;43.902;49097.28886
62;Croatia;HR;2014;91.325;4.42;8.323;78.28;74.24;6.916;24.4;19.1;32.655;3.321;1.748;48.273;48927.43824
63;Croatia;HR;2015;100;4.232;8.394;105.76;107.69;7.295;26.5;18.7;27.94;4.938;1.731;59.718;50163.19288
64;Croatia;HR;2016;108.46;3.905;8.465;117.67;123.27;7.994;26.6;15.2;25.162;6.054;1.689;35.376;51935.17368
65;Croatia;HR;2017;104.8;3.93;8.704;117.8;124.45;8.245;27.6;13.1;37.161;6.453;1.829;75.297;53708.28842
66;Croatia;HR;2018;90.664;3.766;9.054;125.29;132.14;8.738;25.9;9.9;44.319;6.954;1.768;50.391;55265.83394
67;Croatia;HR;2019;88.896;3.636;9.381;131.84;140.65;9.83;24.6;6.9;48.823;7.188;1.725;60.141;57190.16022
68;Croatia;HR;2020;94.268;3.329;9.781;144;153.12;10.277;24.2;7.5;61.309;9.223;1.661;49.023;52557.89378
69;Cyprus;CY;2004;122.805;3.501;5.707;104.45;101.36;13.738;19.509;4;36.465;0.654;2.918;170.962;18052.38992
70;Cyprus;CY;2005;114.332;3.746;5.413;108.5;109.51;13.948;19.5;5.2;35.484;1.018;2.499;150.946;18928.4731
71;Cyprus;CY;2006;106.187;4.238;4.562;97.96;96.61;15.372;19.1;4.9;45.519;1.274;2.681;151.904;19820.72889
72;Cyprus;CY;2007;107.982;4.483;3.71;98.26;94.66;17.26;18.9;4.4;56.637;1.563;2.818;161.773;20831.20321
73;Cyprus;CY;2008;109.271;4.822;3.864;93.44;92.04;16.758;19.4;4.6;67.301;1.73;3.489;219.862;21590.87803
74;Cyprus;CY;2009;111.004;5.182;4.019;100.33;100.28;17.375;17.5;6.7;86.912;2.798;3.231;173.299;21155.76519
75;Cyprus;CY;2010;116.208;4.736;4.173;100;100;16.521;17.6;7.9;96.332;3.118;3.795;191.93;21581.98949
76;Cyprus;CY;2011;124.556;4.437;3.576;74.93;102.46;17.045;18.8;9.5;137.747;3.07;3.67;197.997;21668.62778
77;Cyprus;CY;2012;126.606;4.589;2.978;103.56;104.14;17.9;16.2;13.3;143.028;3.336;3.582;182.926;20921.74873
78;Cyprus;CY;2013;109.688;4.709;2.381;102.59;89.77;15.702;18;16.3;113.388;3.951;3.492;175.751;19550.73016
79;Cyprus;CY;2014;98.521;5.452;2.162;94.84;88.72;14.465;16.1;17.6;100.018;3.579;3.45;190.796;19193.08688
80;Cyprus;CY;2015;100;5.217;1.944;122.73;120.61;13.599;18.1;16.8;90.464;3.71;3.048;164.138;19842.40431
81;Cyprus;CY;2016;103.44;4.413;1.725;122.82;142.96;14.953;18.3;14.1;105.403;5.119;3.586;159.371;21123.1431
82;Cyprus;CY;2017;108.076;4.324;1.61;123.38;143.58;15.041;18.6;12.4;104.513;4.612;3.336;179.836;22359.38357
83;Cyprus;CY;2018;103.93;4.151;1.467;118.58;124.23;16.128;18.1;9.2;86.438;4.549;3.08;147.964;23632.26789
84;Cyprus;CY;2019;122.159;4.036;1.343;137.53;150.94;16.94;19.9;7.2;95.851;4.984;3.284;140.768;24880.80489
85;Cyprus;CY;2020;116.526;4.663;1.247;143.03;156.65;16.319;19.8;8.3;86.401;5.529;3.266;131.646;23579.79056
86;Czechia;CZ;2004;102.352;2.353;24.427;78.16;129.41;7.252;10.86;7.3;20.719;7.251;1.758;68.065;143476
87;Czechia;CZ;2005;97.643;2.142;23.087;80.71;103.61;7.455;10.7;7.2;31.103;7.045;1.735;72.472;152948
88;Czechia;CZ;2006;98.81;2.388;22.389;84.77;92.21;7.952;9.1;7.2;29.263;7.123;1.725;83.459;163298
89;Czechia;CZ;2007;100.513;3.364;21.691;95.7;121.22;8.493;9.9;5.4;27.328;7.84;1.751;87.219;172394
90;Czechia;CZ;2008;104.4;3.193;24;103.93;126.76;9.469;8.3;4.4;36.891;9.576;1.742;81.109;177025
91;Czechia;CZ;2009;97.897;2.646;26.308;84.83;36.42;9.055;8.5;7.1;73.3;11.224;1.696;56.572;168780
92;Czechia;CZ;2010;91.764;3.178;28.617;100;100;9.167;10.2;7.7;97.981;12.713;1.688;67.171;172890
93;Czechia;CZ;2011;98.588;3.228;21.759;134.84;229.63;9.669;11.2;7.1;115.287;13.784;1.718;79.456;175934
94;Czechia;CZ;2012;90.819;3.216;14.901;133.73;214.19;10.038;10.4;7.3;147.608;13.5;1.815;88.024;174553
95;Czechia;CZ;2013;96.411;3.378;8.043;135.08;193.33;10.444;9.5;7.6;206.779;13.519;1.828;75.7;174472
96;Czechia;CZ;2014;106.555;3.247;7.885;155.37;274.5;10.634;10.7;6.5;226.542;13.567;1.858;63.341;178419
97;Czechia;CZ;2015;100;3.105;7.727;137.98;197.03;11.392;9.1;5.2;217.044;13.824;1.989;98.335;188033
98;Czechia;CZ;2016;104.346;3.121;7.569;155.74;240.66;12.394;8.5;3.9;211.448;14.077;2.015;90.547;192804
99;Czechia;CZ;2017;99.258;3.344;7.174;151.09;204.85;12.584;8.7;3;211.17;14.343;1.916;100.935;202769
100;Czechia;CZ;2018;96.623;3.286;6.637;144.75;159.51;13.062;9.2;2.2;214.928;14.817;1.85;94.73;209255
101;Czechia;CZ;2019;97.972;3.197;6.144;148.75;160.91;13.997;9.6;1.9;225.513;15.353;1.896;75.591;215595
102;Czechia;CZ;2020;96.59;3.118;5.707;163.45;195.06;13.899;9.2;2.3;261.87;15.982;1.895;87.852;203095
103;Denmark;DK;2004;92.341;11.16;17.879;84.1;275.48;14.459;10.9;4.8;22.533;5.854;4.127;122.152;274507
104;Denmark;DK;2005;91.725;12.038;16.806;85.11;411.27;15.13;12.5;4.7;22.1;4.954;3.99;111.54;280921
105;Denmark;DK;2006;88.435;11.744;15.251;96.02;368.13;15.76;10.8;3.7;22.158;5.095;3.933;101.771;291913
106;Denmark;DK;2007;88.918;11.163;13.696;96.8;265.79;16.084;12.8;3.3;25.952;5.64;4.059;106.628;294567
107;Denmark;DK;2008;97.328;14.36;12.778;55.49;107.67;16.767;11.7;3.4;25.187;5.626;4.023;106.82;293059
108;Denmark;DK;2009;97.409;14.973;11.859;56.72;103.83;16.781;13.3;6.5;27.904;5.938;3.977;86.68;278680
109;Denmark;DK;2010;96.563;11.635;10.941;100;100;16.901;12.4;7.6;30.122;6.203;4.074;91.683;283894
110;Denmark;DK;2011;100.094;12.853;8.942;112.38;344.12;18.017;12.8;7.3;28.401;6.03;3.951;87.409;287689
111;Denmark;DK;2012;100.903;11.204;6.942;153.5;228.8;19.225;10.6;7;30.945;6.669;4.066;84.643;288341
112;Denmark;DK;2013;99.402;11.564;4.943;106.69;184.98;19.73;9.7;7;32.344;6.442;4.001;87.061;291032
113;Denmark;DK;2014;100.405;9.701;4.893;109.21;141.41;19.692;9.5;6.4;40.375;6.529;3.999;79.805;295745
114;Denmark;DK;2015;100;11.005;4.842;69.52;130.68;20.015;10.5;5.8;48.293;6.699;4.086;80.373;302673
115;Denmark;DK;2016;96.943;12.831;4.792;67.08;144.75;20.842;9.1;5.4;44.646;7.695;4.093;86.45;312498
116;Denmark;DK;2017;102.993;11.196;4.483;106.01;142.21;20.482;9.1;5.2;50.843;8.893;4.064;80.222;321316
117;Denmark;DK;2018;95.267;12.835;4.057;90.33;83.39;21.092;11.3;4.4;52.134;10.104;3.953;69.306;327708
118;Denmark;DK;2019;101.191;9.878;3.727;116.91;89.484;22.175;10.7;4.3;57.556;11.234;4.049;66.081;334638
119;Denmark;DK;2020;98.116;9.113;3.394;112.55;74.892;21.496;10.2;4.8;58.311;11.435;4.015;63.596;327738
120;Estonia;EE;2004;82.694;2.704;12.153;64.58;60.23;3.859;22.7;10.6;7.829;5.841;2.277;37.539;18098.1324
121;Estonia;EE;2005;80.086;3.137;12.262;67.3;59.25;4.399;22.1;6.7;7.249;6.622;1.953;20.905;19822.23776
122;Estonia;EE;2006;84.659;3.247;11.768;66.72;55.49;5.172;21.4;5.9;9.115;7.991;1.92;32.387;21757.99492
123;Estonia;EE;2007;83.153;2.792;11.274;91.47;84.94;6.044;22.6;5.1;9.269;8.66;1.899;22.134;23407.06393
124;Estonia;EE;2008;80.477;3.098;11.949;71.05;48.39;6.972;22.6;5.6;10.223;9.616;1.969;36.036;22205.81318
125;Estonia;EE;2009;81.944;3.822;12.625;60.64;38.46;7.291;23.4;13.4;10.059;10.41;1.848;25.042;18957.31255
126;Estonia;EE;2010;84.41;3.588;13.3;100;100;6.886;18.5;15.2;11.535;12.753;1.812;30.819;19420.67953
127;Estonia;EE;2011;87.468;3.515;13.657;124.39;142.9;7.069;19.9;11.2;10.974;14.165;1.841;32.385;20831.21991
128;Estonia;EE;2012;88.677;3.598;14.014;143.43;172.75;7.289;20.9;9.7;9.543;15.064;1.858;28.002;21503.69346
129;Estonia;EE;2013;89.268;4.247;14.371;132.74;154.63;8.026;21.8;8.4;8.981;15.648;1.865;23.517;21817.30948
130;Estonia;EE;2014;92.152;4.014;15.383;123.76;143.7;8.687;23.3;7.4;9.231;15.975;1.908;21.828;22474.30865
131;Estonia;EE;2015;100;4.049;16.395;100.41;76.65;9.744;24.1;6.8;8.144;15.69;1.897;21.41;22890.76209
132;Estonia;EE;2016;86.956;5.462;17.407;63.04;88.59;11.084;23.6;6.7;7.478;18.036;1.752;17.632;23613.09492
133;Estonia;EE;2017;100.741;5.367;18.179;106.32;100.6;11.516;23.7;5.7;4.89;19.601;1.792;21.371;24980.77593
134;Estonia;EE;2018;83.599;5.739;18.733;82.19;33.4;11.913;26.5;5.4;4.781;20.578;1.773;14.693;26013.43619
135;Estonia;EE;2019;108.834;5.248;19.905;108.7;107.41;12.531;24.9;4.9;5.969;22.333;1.839;14.929;27079.03567
136;Estonia;EE;2020;99.295;5.658;20.307;118.62;112.23;12.793;24.5;7;4.596;25.136;1.773;15.748;26279.91456
137;Finland;FI;2004;90.687;5.46;26.761;74.68;67.62;12.644;12.3;10.8;10.728;7.19;2.753;53.03;217085
138;Finland;FI;2005;95.181;5.226;25.426;80.83;73.56;13.626;12.4;8.8;12.145;6.465;2.771;48.561;223120
139;Finland;FI;2006;95.731;5.221;24.328;79.77;69.61;14.12;13.3;8.3;14.038;6.302;2.642;55.721;232106
140;Finland;FI;2007;93.497;5.066;23.23;91.99;83.84;14.443;14.8;7.3;16.027;6.493;2.686;43.098;244406
141;Finland;FI;2008;99.033;4.968;22.699;80.2;70.02;15.834;15;6.6;38.434;6.576;2.776;50.856;246322
142;Finland;FI;2009;98.867;4.766;22.168;90.85;87.04;16.478;15.1;8.8;102.508;7.228;2.649;37.95;226433
143;Finland;FI;2010;93.107;4.72;21.637;100;100;16.565;13.9;8.7;133.906;7.374;2.727;57.159;233647
144;Finland;FI;2011;98.292;4.732;21.64;86.38;77.49;17.304;15;8;93.759;8.222;2.567;50.352;239599
145;Finland;FI;2012;95.223;4.846;21.643;88.29;79.39;17.873;15;7.3;119.684;8.665;2.562;47.496;236251
146;Finland;FI;2013;100.846;4.773;21.646;86.21;77.35;18.303;13.1;7.5;148.754;9.121;2.605;46.536;234121
147;Finland;FI;2014;98.745;4.411;18.268;83.02;71.43;18.218;13.4;7.9;167.267;9.307;2.622;47.537;233266
148;Finland;FI;2015;100;4.173;14.891;67.92;50.78;18.632;13.8;8.9;201.386;9.897;2.596;49.45;234534
149;Finland;FI;2016;101.538;4.052;11.513;76.41;60.98;18.927;12.8;8.2;62.18;10.47;2.578;47.364;241128
150;Finland;FI;2017;101.598;3.911;9.614;80.86;65.66;19.098;12.4;7.7;155.137;11.396;2.552;51.004;248826
151;Finland;FI;2018;95.55;3.888;8.376;80.6;62.37;19.341;12.8;6.7;143.371;13.09;2.507;49.072;251667
152;Finland;FI;2019;104.859;4.011;7.494;91.46;80.16;19.713;13.2;6;167.559;13.478;2.513;49.573;254740
153;Finland;FI;2020;103.31;3.798;6.755;91.51;86.93;19.326;14.1;6.7;191.195;13.92;2.496;47.391;247607
154;France;FR;2004;90.778;3.71;28.352;85.25;80.6;12.921;14.9;7.5;11.784;1.813;2.748;51.513;2188390
155;France;FR;2005;90.674;3.926;27.682;79.59;70.35;13.152;14;6.2;19.823;1.873;2.704;50.755;2224790
156;France;FR;2006;87.725;3.848;25.417;88.28;82.15;14.047;14.1;6.3;21.101;1.886;2.7;46.076;2279280
157;France;FR;2007;85.788;3.905;23.151;99.45;98.95;14.448;13.8;5.7;37.71;1.907;2.767;51.839;2334550
158;France;FR;2008;95.46;3.742;23.158;85.85;72.51;16.748;12.5;5.4;74.04;2.004;2.747;52.263;2340500
159;France;FR;2009;98.976;3.509;23.165;70.8;48.38;16.836;13.8;6.8;90.933;2.331;2.689;38.833;2273250
160;France;FR;2010;94.891;3.606;23.172;100;100;17.082;12.7;6.8;91.751;2.923;2.695;39.951;2317570
161;France;FR;2011;99.629;3.469;22.917;104.58;105.56;17.077;14.4;6.8;88.16;3.365;2.628;52.038;2368380
162;France;FR;2012;97.482;3.822;22.663;105.27;105.15;18.433;12.9;7.3;100.552;3.569;2.641;39.644;2375800
163;France;FR;2013;95.392;3.91;22.408;89.54;77.38;18.685;11.9;7.6;97.699;3.687;2.681;44.917;2389490
164;France;FR;2014;100.036;3.365;21.191;101.83;98.82;18.658;11.6;7.6;98.805;3.89;2.696;45.042;2412340
165;France;FR;2015;100;3.332;19.975;107.16;108.74;19.371;12.6;7.7;106.342;4.605;2.723;41.844;2439190
166;France;FR;2016;97.151;3.673;18.758;93.42;84.52;19.77;12.1;7.4;100.769;5.352;2.668;50.656;2465910
167;France;FR;2017;103.253;3.302;17.879;108.85;113.09;20.054;10.6;7.7;100.904;6.079;2.671;39.77;2522410
168;France;FR;2018;100.266;3.15;16.921;123.95;141.41;20.016;10.6;7.3;114.644;7.1;2.641;40.368;2569460
169;France;FR;2019;102.214;3.062;15.975;113.63;125.62;19.998;10.7;6.6;113.036;7.83;2.614;40.187;2616810
170;France;FR;2020;102.643;3.119;15.273;108;117.87;19.462;10.1;6.4;124.358;8.678;2.591;38.312;2411260
171;Germany;DE;2004;92.978;5.732;37.819;78.01;68.88;14.571;12.731;12.2;52.773;4.514;3.858;84.495;2890880
172;Germany;DE;2005;88.477;7.967;36.446;69.41;53.94;14.744;12.9;11.8;83.305;4.741;3.828;85.149;2912030
173;Germany;DE;2006;88.794;8.686;32.308;74.26;60.06;14.632;14.1;10.7;133.85;4.871;3.717;94.122;3023170
174;Germany;DE;2007;89.046;7.012;28.17;91.49;90.44;15.862;17.2;9.2;167.5;5.105;3.778;78.958;3113150
175;Germany;DE;2008;98.818;6.058;26.233;98.3;99.85;15.951;18;7.8;295.133;5.365;3.781;83.597;3143040
176;Germany;DE;2009;98.926;6.259;24.297;66.77;38.03;16.405;19.2;7.6;330.509;5.609;3.787;65.355;2964080
177;Germany;DE;2010;97.063;7.038;22.36;100;100;15.806;18.8;6.5;410.223;5.932;3.846;77.575;3087970
178;Germany;DE;2011;99.184;7.417;21.198;118.14;135.33;16.736;17.8;5.7;457.593;6.075;3.767;88.471;3209180
179;Germany;DE;2012;98.952;7.249;20.035;105.61;108.11;18.56;16.2;4.2;515.807;6.205;3.795;74.984;3222610
180;Germany;DE;2013;97.885;7.076;18.873;122.84;140.04;18.719;16.4;4;549.831;6.259;3.835;78.853;3236710
181;Germany;DE;2014;101.863;6.45;18.864;116.96;127.2;18.829;15.3;3.7;598.884;6.266;3.907;65.852;3308230
182;Germany;DE;2015;100;7.426;18.854;82.64;51.71;19.846;14.5;3.5;605.777;6.508;3.838;81.666;3357590
183;Germany;DE;2016;102.222;7.51;18.845;87.21;57.04;21.187;15;3;619.358;6.816;3.794;67.456;3432460
184;Germany;DE;2017;102.989;7.676;18.331;118.18;120.11;21.161;15;2.8;622.788;6.821;3.711;62.051;3524460
185;Germany;DE;2018;102.019;7.762;17.012;85.09;50;21.804;15.8;2.4;618.803;7.337;3.567;68.278;3562730
186;Germany;DE;2019;104.778;8.661;16.288;115.67;116.83;22.881;13.6;2.1;628.462;7.745;3.575;55.447;3600340
187;Germany;DE;2020;104.921;7.367;15.099;102.07;88.34;22.21;16.2;2.7;833.501;8.056;3.556;64.408;3435820
188;Greece;EL;2004;89.648;2.064;13.762;84.61;82.72;9.251;25.3;9.1;4.058;3.088;1.109;46.807;242309
189;Greece;EL;2005;93.885;2.029;13.23;82.32;78.54;9.876;24.3;9.1;4.452;3.606;1.085;43.592;243760
190;Greece;EL;2006;89.383;2.383;13.678;78.71;73.67;9.564;28.2;8;5.366;3.845;1.078;46.005;257539
191;Greece;EL;2007;85.988;2.835;14.126;84.55;80.74;9.8;27.7;7.3;10.724;2.865;1.089;50.426;265970
192;Greece;EL;2008;90.067;2.958;13.625;84.59;80.25;10.621;26.6;7;8.243;4.15;1.12;42.974;265078
193;Greece;EL;2009;91.088;2.866;13.124;96.7;94.19;11;25.1;9.4;9.386;4.316;1.086;41.063;253678
194;Greece;EL;2010;91.323;2.867;12.623;100;100;10.954;24.8;12.1;15.101;4.137;1.15;45.578;239780
195;Greece;EL;2011;93.308;2.793;11.5;89.07;85.34;10.178;24.7;16.5;13.436;2.776;1.222;38.985;215444
196;Greece;EL;2012;98.132;2.412;10.378;91.51;86.07;8.822;26.7;22.2;17.531;6.352;1.166;38.848;200176
197;Greece;EL;2013;89.214;2.548;9.255;84.21;79.63;7.953;26.7;25;19.952;5.364;1.154;42.189;195140
198;Greece;EL;2014;94.006;2.295;8.178;89.9;85.68;7.492;27;23.5;23.519;5.852;1.293;48.45;196068
199;Greece;EL;2015;100;2.27;7.101;96.32;94.14;7.645;26.5;21.3;22.476;6.567;1.254;48.466;195684
200;Greece;EL;2016;98.071;2.419;6.024;85.67;82.51;7.885;26.1;19.8;24.591;5.583;1.266;44.841;194730
201;Greece;EL;2017;99.287;2.185;5.413;98.35;96.57;8.096;25.3;18.3;26.459;6.721;1.286;44.661;196857
202;Greece;EL;2018;77.395;2.114;4.96;96.9;93.37;8.006;22.5;16.7;29.794;8.071;1.2;44.469;200141
203;Greece;EL;2019;79.092;2.131;4.52;105.67;103.41;8.554;22.4;15.2;34.424;8.663;1.185;46.162;203751
204;Greece;EL;2020;78.042;2.17;4.183;115.68;115.1;8.859;22.4;16.5;41.656;9.19;1.197;42.838;185375
205;Hungary;HU;2004;103.796;4.431;16.004;82.95;80.33;4.89;18.606;7.3;2.971;2.193;1.253;21.586;109124
206;Hungary;HU;2005;94.671;4.686;15.664;83.62;79.88;5.033;18.2;8.7;3.582;2.107;1.177;19.032;113812
207;Hungary;HU;2006;94.572;4.984;14.687;89.55;88.38;5.295;22.3;9.7;6.197;2.015;1.189;27.161;118305
208;Hungary;HU;2007;83.923;6.367;13.71;95.75;91.3;5.803;16.7;9.6;5.719;1.997;1.172;47.242;118632
209;Hungary;HU;2008;107.689;4.2;13.257;125.5;141.87;5.921;16.2;10.3;33.402;2.018;1.217;19.989;119826
210;Hungary;HU;2009;96.293;4.672;12.804;85;68.97;6.102;17.1;12.6;38.015;2.425;1.131;26.367;111923
211;Hungary;HU;2010;84.824;5.944;12.351;100;100;5.984;17.7;12.9;43.799;2.388;1.198;37.74;113135
212;Hungary;HU;2011;92.789;5.064;11.673;149.33;186.36;6.324;19.2;12.7;45.705;2.331;1.236;30.513;115240
213;Hungary;HU;2012;84.483;6.396;10.994;137.9;154.89;6.581;21.5;12.7;53.074;2.447;1.202;42.212;113791
214;Hungary;HU;2013;94.754;5.475;10.316;151.68;182.54;6.39;21.9;11.6;72.125;2.492;1.308;38.506;115846
215;Hungary;HU;2014;106.106;4.733;10.317;161.15;198.98;6.758;21;9.1;72.257;2.365;1.319;27.911;120739
216;Hungary;HU;2015;100;4.74;10.319;152.58;180.08;7.114;18.7;7.8;74.257;2.464;1.326;39.996;125210
217;Hungary;HU;2016;106.986;4.154;10.32;162.89;191.26;7.394;18.9;5.9;91.452;3.527;1.356;28.96;127955
218;Hungary;HU;2017;101.095;4.45;10.289;165.25;194.32;7.379;16;5;97.383;3.766;1.354;33.609;133417
219;Hungary;HU;2018;93.277;4.264;10.029;170.05;198.33;7.687;16.6;4.4;97.243;3.954;1.422;31.211;140567
220;Hungary;HU;2019;99.065;4.319;9.853;180.62;205.82;8.532;14.9;4.1;98.763;5.745;1.39;35.6;146969
221;Hungary;HU;2020;96.33;4.693;9.638;193.14;226.2;8.687;15.2;5;137.568;6.163;1.407;32.828;140097
222;Ireland;IE;2004;93.953;3.24;23.849;115.23;142.96;12.737;25.5;4.5;0.062;0.713;5.804;58.922;194280
223;Ireland;IE;2005;94.622;3.921;22.771;139.83;175.07;12.901;24.1;4.2;0.079;0.811;5.695;56.813;205424
224;Ireland;IE;2006;92.928;4.812;19.186;114.36;137.52;14.047;23.9;4.3;0.116;0.876;5.7;55.502;215655
225;Ireland;IE;2007;101.311;4.551;15.6;127.33;152.47;15.5;19.6;4.9;0.184;0.961;5.581;47.309;227097
226;Ireland;IE;2008;93.274;5.403;14.876;114.74;123.38;15.965;20;6.9;0.302;0.925;5.128;27.344;216908
227;Ireland;IE;2009;90.671;6.308;14.153;88.31;79.68;15.025;18.4;13.5;0.892;1.043;5.2;28.569;205844
228;Ireland;IE;2010;92.713;5.182;13.429;100;100;15.287;18.4;15.4;1.007;1.049;5.027;33.97;209457
229;Ireland;IE;2011;95.61;4.669;12.968;127.98;149.92;15.366;17.8;16.4;6.492;1.186;5.006;22.655;211695
230;Ireland;IE;2012;87.579;5.814;12.506;115.05;129.51;15.27;18.5;16.8;6.475;1.16;5.26;28.837;211584
231;Ireland;IE;2013;89.308;5.419;12.045;118.93;135.62;15.354;19.5;14.2;5.656;1.258;5.373;44.432;214265
232;Ireland;IE;2014;95.411;4.41;11.038;122.67;144.41;15.622;19.7;12.6;6.619;1.162;5.417;40.074;232936
233;Ireland;IE;2015;100;4.33;10.032;119.41;155.95;16.962;18.3;10.1;6.749;1.648;5.534;42.481;291580
234;Ireland;IE;2016;101.065;3.759;9.025;122.83;161.72;17.105;17.8;8.4;7.153;1.719;5.656;54.1;297535
235;Ireland;IE;2017;103.869;3.534;8.251;151.98;213.85;17.436;17.4;6.5;7.28;1.655;5.76;62.3;324134
236;Ireland;IE;2018;101.174;4.356;7.557;134.8;175.9;18.766;16.6;5.5;7.728;2.628;5.339;54.787;353404
237;Ireland;IE;2019;107.434;3.536;6.979;130.38;170.13;19.054;14.6;4.7;8.216;1.635;5.296;53.404;370781
238;Ireland;IE;2020;106.067;3.451;6.449;145.85;192.07;18.753;14.9;5;9.539;1.81;5.175;50.182;392535
239;Italy;IT;2004;100.548;5.459;5.419;132.9;165.51;11.77;23.2;8.5;16.982;6.41;2.458;64.819;1912300
240;Italy;IT;2005;99.757;5.747;5.426;115.47;131.82;12.312;24.7;8.1;12.469;7.241;2.396;63.057;1927940
241;Italy;IT;2006;94.003;5.781;5.173;110.74;123.91;12.417;24.7;7.1;14.931;8.083;2.478;69.553;1962460
242;Italy;IT;2007;95.63;5.74;4.92;109.34;120.46;13.05;23.9;6.5;15.571;8.12;2.489;69.324;1991640
243;Italy;IT;2008;105.005;5.574;6.025;112.72;127.01;13.948;23;7.4;48.04;6.931;2.423;59.801;1972480
244;Italy;IT;2009;108.665;5.59;7.129;109.97;121.07;14.011;22.4;8.3;58.567;7.91;2.432;56.521;1868320
245;Italy;IT;2010;104.414;5.489;8.234;100;100;14.071;21.4;9.1;61.758;7.775;2.38;52.886;1900330
246;Italy;IT;2011;104.137;5.341;7.882;117.23;131.41;14.534;23;9;91.514;7.919;2.405;57.185;1913770
247;Italy;IT;2012;99.427;5.314;7.53;124.18;142.94;13.924;24.1;10.8;77.049;8.503;2.472;72.761;1856720
248;Italy;IT;2013;99.926;5.1;7.178;146.62;186.18;13.499;25.4;12.6;132.568;9.663;2.443;63.94;1822540
249;Italy;IT;2014;92.547;5.055;6.868;134.46;162.26;13.16;24.8;13.1;158.155;10.546;2.501;63.517;1822450
250;Italy;IT;2015;100;4.637;6.559;130.75;153.39;14.619;20.2;12.2;155.41;11.533;2.562;64.582;1836640
251;Italy;IT;2016;97.382;4.539;6.249;127.27;150.14;15.415;22;12.1;157.488;14.018;2.626;64.6;1860390
252;Italy;IT;2017;94.473;4.648;6.203;130.83;154.93;15.629;20.8;11.8;167.996;14.883;2.618;68;1891420
253;Italy;IT;2018;96.275;4.599;6.182;146.74;184.02;15.821;20.4;10.8;178.817;15.784;2.662;65.202;1908930
254;Italy;IT;2019;93.415;4.585;6.181;146.94;180;16.087;21.1;9.9;187.121;15.189;2.515;65.53;1916770
255;Italy;IT;2020;93.324;4.773;6.164;137.01;159.83;16.656;20.76;8.9;220.597;16.237;2.53;61.887;1745430
256;Latvia;LV;2004;64.217;6.216;15.725;67.53;73.88;3.118;26.883;11.7;2.43;1.59;1.471;16.122;21288.74308
257;Latvia;LV;2005;68.48;5.728;15.155;69.73;72.49;3.354;26.6;9.5;2.809;6.84;1.396;16.116;23569.88051
258;Latvia;LV;2006;67.258;5.714;14.897;89.82;93.57;3.569;32;6.9;6.997;9.439;1.324;21.453;26390.06478
259;Latvia;LV;2007;76.475;4.776;14.638;94.05;96.7;4.683;27.8;6.5;8.2;8.053;1.35;19.637;29014.02948
260;Latvia;LV;2008;82.925;4.932;13.351;80.01;74.77;5.872;33.1;7.8;18.071;8.767;1.403;16.534;28073.16255
261;Latvia;LV;2009;76.346;4.921;12.063;78.13;68.27;6.213;32.2;17;26.814;8.74;1.367;21.748;24073.2188
262;Latvia;LV;2010;77.127;5.379;10.776;100;100;5.239;25.5;18.1;28.698;9.091;1.392;29.242;22996.91917
263;Latvia;LV;2011;71.457;5.776;10.267;95.82;96.45;5.384;23.3;15.6;41.894;10.138;1.4;28.301;23586.65745
264;Latvia;LV;2012;81.299;5.389;9.758;115.29;122.58;5.37;25.3;15.6;73.15;10.63;1.412;24.014;25246.52535
265;Latvia;LV;2013;82.007;4.951;9.249;103.99;101.25;5.634;26;13.3;65.994;9.957;1.408;27.734;25754.16855
266;Latvia;LV;2014;82.193;4.475;8.981;115.62;111.27;6.421;27;12.7;74.674;10.865;1.445;27.83;26243.52254
267;Latvia;LV;2015;100;3.787;8.714;131.17;130.95;7.305;29.2;11.5;74.338;12.29;1.487;27.645;27263.09055
268;Latvia;LV;2016;92.854;4.038;8.446;119.57;111.16;7.945;27.7;10.5;67.607;13.418;1.436;25.396;27908.57408
269;Latvia;LV;2017;95.069;3.722;8.112;147.7;150.77;8.046;27.5;10.4;73.021;13.911;1.411;22.24;28833.20995
270;Latvia;LV;2018;71.887;3.626;7.593;131.24;115.97;9.249;27.3;8.8;88.571;14.469;1.341;29;29983.5052
271;Latvia;LV;2019;89.836;3.324;7.229;169.87;176.61;10.123;28.6;7.9;79.985;14.786;1.359;27.553;30728.39333
272;Latvia;LV;2020;84.763;2.811;6.849;195.86;212.15;10.433;25.5;9.4;85.862;17.26;1.341;27.98;29616.46614
273;Lithuania;LT;2004;77.963;3.762;8.606;73.71;80;3.04;28.859;11.6;0.756;1.478;2.038;39.888;30120.408
274;Lithuania;LT;2005;73.484;3.827;8.739;79.44;89.27;3.292;28.4;8.8;4.304;2.425;1.856;34.859;32449.42867
275;Lithuania;LT;2006;73.532;4.402;8.736;70.56;70.51;3.853;28.1;6.8;6.5;3.465;1.874;50.154;34855.26868
276;Lithuania;LT;2007;78.038;3.94;8.733;105.76;105.85;4.859;27.1;4.5;12.949;4.466;1.996;27.716;38726.81073
277;Lithuania;LT;2008;86.093;3.595;9.466;97.84;95.07;5.762;28.1;6.1;26.567;4.573;1.924;34.062;39739.29339
278;Lithuania;LT;2009;81.429;3.587;10.199;83.84;68.58;6.041;27.4;15.5;44.522;4.801;1.912;35.468;33842.53527
279;Lithuania;LT;2010;76.566;4.123;10.932;100;100;5.285;25;20.8;37.081;5.18;1.831;43.767;34401.35697
280;Lithuania;LT;2011;80.231;4.157;10.703;125.89;147.69;5.236;24.3;18.7;36.245;5.428;1.82;39.961;36478.85773
281;Lithuania;LT;2012;90.239;3.864;10.473;156.77;196.73;5.659;25.5;18.2;43.136;5.506;1.807;29.25;37881.05568
282;Lithuania;LT;2013;82.834;4.231;10.244;138.44;157.46;6.049;29.4;15.8;46.507;5.655;1.751;31.208;39225.86075
283;Lithuania;LT;2014;86.914;4.313;11.287;125.76;136.32;6.552;25.2;14.8;41.692;5.568;1.715;24.821;40613.28332
284;Lithuania;LT;2015;100;4.308;12.329;135.36;151.05;7.022;28.7;12.6;40.976;7.106;1.719;24.379;41435.53334
285;Lithuania;LT;2016;91.972;4.659;13.372;112.72;100.4;7.832;30.1;11;40.001;7.505;1.704;21.85;42479.22327
286;Lithuania;LT;2017;98.286;4.903;14.543;140.4;142.65;8.262;31.7;11.1;46.104;7.975;1.693;20.767;44298.43719
287;Lithuania;LT;2018;75.707;5.746;15.295;105.41;73.8;8.934;30.1;9.3;56.827;8.134;1.585;19.785;46067.41126
288;Lithuania;LT;2019;84.791;5.435;16.226;137.4;123.93;10.064;25.7;8.3;61.17;8.138;1.57;17.825;48174.42949
289;Lithuania;LT;2020;81.72;5.382;16.893;189.88;207.89;11.32;26.4;11.1;80.597;9.265;1.532;17.043;48110.63139
290;Luxembourg;LU;2004;95.139;5.084;27.667;177.12;249.24;26.723;9.5;4.3;43.741;2.354;5.079;145.422;45943.52416
291;Luxembourg;LU;2005;91.338;8.356;26.974;140.88;178.23;27.79;10.9;3.7;44.598;2.481;4.926;129.597;47084.24432
292;Luxembourg;LU;2006;91.654;8.931;24.29;136.66;173.75;26.942;10.8;4.4;54.115;2.791;4.853;128.837;49917.16913
293;Luxembourg;LU;2007;90.503;8.781;21.605;162.91;206.22;26.992;12.6;3.7;60.345;2.71;4.896;122.863;53959.79474
294;Luxembourg;LU;2008;87.901;13.641;20.329;138.45;169.19;26.267;11;4.2;61.832;3.122;4.984;121.099;53797.82028
295;Luxembourg;LU;2009;93.57;11.936;19.054;85.12;74.99;27.795;12.6;4.9;75.746;2.594;5.021;120.344;52055.33361
296;Luxembourg;LU;2010;93.893;13.529;17.778;100;100;26.094;12.4;3.8;80.128;2.648;5.081;126.954;54012.82945
297;Luxembourg;LU;2011;91.518;17.414;18.749;99.81;99.86;26.417;11.9;4.7;82.273;2.605;4.986;138.28;54576.88472
298;Luxembourg;LU;2012;84.967;14.952;19.719;105.25;115.05;28.299;11.8;3.8;109.572;3.12;4.868;124.89;55477.34985
299;Luxembourg;LU;2013;82.89;21.607;20.69;90.66;82.81;30.351;12.7;5.1;107.732;3.438;5.015;127.476;57236.97516
300;Luxembourg;LU;2014;89.642;19.771;19.654;118.81;143.85;30.011;14;5.9;116.039;3.428;5.064;128.811;58738.35026
301;Luxembourg;LU;2015;100;18.632;18.618;98.97;95.71;31.031;12.1;5.6;122.648;3.222;5.143;128.537;60071.58422
302;Luxembourg;LU;2016;99.8;20.843;17.582;90.64;66.18;29.858;10.2;5.2;134.71;3.475;5.26;115.595;63062.06208
303;Luxembourg;LU;2017;99.602;22.19;16.79;114.76;116.04;31.069;14;4.9;144.101;4.152;5.294;110.437;63892.70778
304;Luxembourg;LU;2018;101.887;23.008;15.978;122.86;132.3;29.029;12.9;4.2;153.543;4.397;5.1;123.582;65173.35859
305;Luxembourg;LU;2019;104.181;22.673;14.954;121.77;127.2;29.654;14.8;4.2;123.108;4.42;5.105;108.959;67313.52575
306;Luxembourg;LU;2020;102.57;23.839;14.247;115.84;122.66;29.735;14.5;5.4;125.261;4.59;5.102;115.696;66117.87582
307;Malta;MT;2004;108.764;0.946;12.545;103.32;98.87;15.994;31.73;6.641;28.115;0.099;11.667;266.2;7083.439476
308;Malta;MT;2005;105.569;1.043;12.08;107.24;105.03;15.628;31.977;6.4;29.695;0.108;13.18;257.097;7323.114279
309;Malta;MT;2006;117.029;1.126;10.268;105.54;104.05;15.407;32.12;7.6;32.072;0.217;13.469;258.37;7506.934872
310;Malta;MT;2007;107.477;1.299;8.455;103.33;102.73;14.51;32.856;9.4;39.178;0.108;12.872;270.86;7865.368912
311;Malta;MT;2008;123.247;1.8;8.414;95.96;94.46;14.392;32.284;8.2;44.387;0.108;12.906;238.71;8166.326195
312;Malta;MT;2009;119.687;1.551;8.374;107.78;107.36;14.283;32.482;7.5;48.01;0.323;11.337;222.043;8073.730389
313;Malta;MT;2010;113.341;1.705;8.333;100;100;13.587;34.454;6;61.955;0.29;9.8;186.834;8521.308887
314;Malta;MT;2011;106.861;1.829;7.745;87.85;87.91;13.716;34.552;6.6;208.132;0.29;8.76;146.176;8561.107733
315;Malta;MT;2012;105.158;1.905;7.157;83.01;82.91;13.56;35.426;5.8;308.738;0.291;9.707;156.214;8913.629091
316;Malta;MT;2013;101.002;2.043;6.569;80.16;80.2;13.604;35.479;5.8;243.402;0.098;10.579;168.231;9401.503717
317;Malta;MT;2014;104.476;1.951;6.283;78.89;79.01;13.784;34;9;272.727;0.098;10.708;168.231;10119.17109
318;Malta;MT;2015;100;1.934;5.996;93.59;95.24;19.42;35.5;6.7;260.997;0.293;10.68;168.231;11091.43448
319;Malta;MT;2016;101.894;1.664;5.71;68.83;68.35;11.527;36.149;5;247.592;0.289;9.255;164.587;11545.17591
320;Malta;MT;2017;111.768;2.464;5.02;62.93;62.15;11.539;37.225;2.814;198.459;0.289;8.077;145.266;12482.57784
321;Malta;MT;2018;106.429;2.079;4.528;83.52;84.22;11.958;36.885;2.413;154.143;0.289;7.811;108.141;13129.07861
322;Malta;MT;2019;78.857;2.344;4.13;82.45;83.31;11.815;37.614;2.079;154.143;0.289;7.741;118.342;13856.37263
323;Malta;MT;2020;87.217;2.955;3.802;70.22;70.03;11.914;37.57;1.706;204.396;0.303;7.577;114.624;12886.27002
324;Netherlands;NL;2004;93.084;4.039;11.829;85.26;79.64;14.974;17.828;4.5;1.74;2.473;9.797;212.643;674886
325;Netherlands;NL;2005;92.441;4.092;11.666;86.96;87.14;15.202;17;5.4;2.58;2.518;9.872;206.373;688727
326;Netherlands;NL;2006;86.299;4.093;10.206;104.67;126.97;15.19;9.4;4.8;13.201;2.521;9.871;212.579;712564
327;Netherlands;NL;2007;88.258;4.087;8.746;102.25;112.37;15.772;14.4;3.9;43.941;2.455;9.911;197.714;739448
328;Netherlands;NL;2008;87.588;4.041;8.54;90.99;78.66;17.047;17.4;3.7;108.977;2.612;10.138;175.444;755497
329;Netherlands;NL;2009;90.786;4.066;8.334;78.04;44.51;18.152;13.6;3.4;216.616;2.571;10.264;172.461;727793
330;Netherlands;NL;2010;92.082;4.118;8.128;100;100;19.968;7.2;3.6;312.925;2.446;10.547;172.598;737566
331;Netherlands;NL;2011;98.881;4.439;7.565;85.56;58.17;17.312;5.2;4.2;460.993;2.556;10.482;172.191;749007
332;Netherlands;NL;2012;96.828;4.597;7.003;92.3;75.34;18.636;7.9;4.4;795.325;2.633;10.578;168.741;741289
333;Netherlands;NL;2013;101.121;4.587;6.44;103.64;101.07;18.843;8.7;5.9;854.476;2.463;10.685;169.456;740324
334;Netherlands;NL;2014;100.035;4.497;7.167;99.53;91.9;18.052;11.5;6.1;1080.213;2.463;11.043;160.286;750862
335;Netherlands;NL;2015;100;4.427;7.895;101.64;99.78;19.081;10.2;5.4;1019.989;2.73;11.442;188.894;765573
336;Netherlands;NL;2016;103.742;4.303;8.622;102.4;102.69;21.298;10.1;4.5;898.017;3.008;11.632;191.704;782352
337;Netherlands;NL;2017;102.686;4.318;9.059;112.57;130.49;21.011;11;3.8;1175.437;3.266;11.067;184.39;805125
338;Netherlands;NL;2018;98.505;4.401;9.056;93.79;91.56;21.61;10.4;2.7;1149.018;3.513;10.247;196;824134
339;Netherlands;NL;2019;99.467;4.378;9.017;94.68;97.66;22.105;9.1;2.5;1233.631;3.747;10.432;164.764;840250
340;Netherlands;NL;2020;99.723;4.442;8.908;88.94;87.42;22.104;10.8;2.6;1991.144;3.881;10.4;177.672;808332
341;Poland;PL;2004;87.941;1.825;53.659;62.09;60.37;3.842;27.835;20.132;4.998;0.508;1.887;39.241;315975
342;Poland;PL;2005;85.68;1.825;51.277;57.09;53.98;4.071;27.2;18.032;5.473;1.044;1.991;44.879;327056
343;Poland;PL;2006;85.643;1.898;48.153;63.06;60.41;4.362;26.1;14.8;8.383;1.429;2.019;62.183;347108
344;Poland;PL;2007;85.821;1.984;45.028;76.7;74.79;4.96;22.7;10.5;6.563;1.862;2.129;52.078;371620
345;Poland;PL;2008;86.897;2.05;47.228;68.07;63.64;5.938;22.5;8;18.914;2.019;2.068;57.421;387227
346;Poland;PL;2009;93.548;1.763;49.427;76.87;74.3;6.414;22.8;9.3;26.913;2.663;2.007;47.823;398194
347;Poland;PL;2010;94.096;1.882;51.627;100;100;6.536;23.5;10.4;31.706;3.592;2.213;52.382;413089
348;Poland;PL;2011;95.697;1.831;46.359;113.77;115.91;7.266;23.4;10.5;29.251;4.094;2.126;52.786;432742
349;Poland;PL;2012;98.403;2.041;41.09;106.22;107.09;7.375;24.2;10.8;47.91;4.556;2.169;47.957;438476
350;Poland;PL;2013;99.165;1.874;35.822;114.81;116.77;7.755;25;11;51.634;4.649;2.15;53.917;443412
351;Poland;PL;2014;104.064;1.912;32.763;95.64;93.87;8.025;24.1;9.8;56.26;4.562;2.133;39.745;458393
352;Poland;PL;2015;100;2.135;29.703;96.9;94.42;8.562;24.8;8.1;61.274;4.041;2.154;47.766;477812
353;Poland;PL;2016;108.604;2.001;26.644;124.41;122.38;9.438;23.9;6.9;69.48;3.733;2.179;43.314;492823
354;Poland;PL;2017;109.17;1.907;24.389;142.89;142.77;9.797;20.1;5.4;71.73;3.423;2.194;48.353;516630
355;Poland;PL;2018;107.387;2.19;22.388;133.77;133.54;10.037;21.2;4.4;71.939;3.34;2.184;43.838;544289
356;Poland;PL;2019;105.629;2.074;20.766;154.6;152;10.837;21.4;3.7;77.512;3.495;2.21;45.115;570115
357;Poland;PL;2020;107.927;2.108;19.379;160.77;161.61;11.662;22;3.5;92.267;3.931;2.233;44.91;555630
358;Portugal;PT;2004;76.376;3.929;3.284;106.23;114.64;6.774;27.6;6.1;15.01;4.391;1.892;38.566;200350
359;Portugal;PT;2005;73.957;4.16;3.225;95.3;95.44;7.273;24.5;6.6;16.514;5.531;1.905;44.49;201916
360;Portugal;PT;2006;76.634;4.063;3.041;95;95.58;7.702;23.9;6.8;21.298;5.7;1.88;28.013;205198
361;Portugal;PT;2007;72.312;4.352;2.856;90.52;84.81;8.125;24;6.9;43.582;6.274;1.966;43.115;210341
362;Portugal;PT;2008;77.179;4.262;3.105;100.1;96.13;8.65;23.4;6.7;39.046;5.754;1.925;32.648;211013
363;Portugal;PT;2009;80.599;4.529;3.354;85.73;79.41;8.443;23.4;8.8;60.286;4.254;1.916;35.732;204425
364;Portugal;PT;2010;84.479;4.576;3.603;100;100;8.563;23.9;10.5;76.764;5.774;1.894;40.597;207977
365;Portugal;PT;2011;81.298;4.608;3.516;86.03;76.08;8.637;22.3;11.4;88.785;5.954;1.923;39.182;204449
366;Portugal;PT;2012;79.443;4.694;3.43;92.44;90.15;8.212;25;13.8;73.687;5.48;1.925;43.215;196154
367;Portugal;PT;2013;83.902;4.265;3.343;105.94;110.75;8.569;23.8;14.3;73.373;5.331;1.893;37.591;194344
368;Portugal;PT;2014;86.038;4.414;3.062;107.16;110.76;8.727;23.8;12.7;83.33;5.794;1.978;42.085;195884
369;Portugal;PT;2015;100;4.206;2.782;116.36;127.07;8.847;24.2;11.4;89.667;6.634;2.033;41.759;199394
370;Portugal;PT;2016;93.735;4.151;2.501;125.7;140.66;9.383;24;10;84.249;6.771;2.045;46.689;203421
371;Portugal;PT;2017;104.882;4.069;2.35;131;146.07;9.667;22.9;7.6;90.493;7.074;2.134;45.77;210553
372;Portugal;PT;2018;95.31;4.361;2.277;131.03;143.02;9.424;22.5;6.6;92.32;5.963;2.003;43.544;216553
373;Portugal;PT;2019;102.011;4.18;2.178;142.09;163.16;10.304;22.4;6.3;99.536;8.204;2.024;43.02;222362
374;Portugal;PT;2020;101.554;4.692;2.119;141.97;162.59;10.78;21.1;5.9;119.342;8.367;2.038;44.297;203590
375;Romania;RO;2004;108.956;1.619;9.186;143.96;267.57;1.567;36.775;6.14;0.791;0.577;1.219;13.489;128312
376;Romania;RO;2005;96.935;2.04;8.798;82.27;126.67;1.692;36.937;5.846;0.862;0.654;1.217;12.279;134301
377;Romania;RO;2006;97.848;2.027;7.959;81.65;123.57;1.834;35.6;6;1.153;0.771;1.217;13.305;145084
378;Romania;RO;2007;77.691;2.93;7.12;61.92;78.71;2.123;35;5.8;1.44;0.968;1.247;13.889;155579
379;Romania;RO;2008;97.18;2.523;8.754;91.63;133.53;2.434;34.4;5.6;6.028;1.024;1.278;14.07;170060
380;Romania;RO;2009;97.801;2.766;10.388;77.9;95.46;2.687;32.7;6.8;5.462;1.233;1.25;18.229;160677
381;Romania;RO;2010;93.223;3.346;12.022;100;100;2.882;31.3;6.5;3.384;1.293;1.173;13.6;154409
382;Romania;RO;2011;98.679;2.867;10.466;129.06;265.22;2.956;31.3;7.1;10.026;1.645;1.079;11.2;157352
383;Romania;RO;2012;88.342;4.009;8.91;96.13;190.28;2.678;38;5.2;11.435;2.099;1.06;16.285;160563
384;Romania;RO;2013;98.874;3.104;7.354;113.56;224.05;3.092;34.5;5.4;13.259;2.165;1.097;11.244;166618
385;Romania;RO;2014;103.36;3.156;6.446;123.94;251.58;3.004;38.4;6;11.872;2.092;1.1;11.529;172630
386;Romania;RO;2015;100;3.644;5.537;116.22;231.14;3.154;40.4;7.3;13.429;1.774;1.124;11.815;177729
387;Romania;RO;2016;105.542;3.59;4.629;119.99;228.19;3.419;40.1;6.9;12.668;1.674;1.161;12.1;186088
388;Romania;RO;2017;122.065;3.116;4.137;136.01;260.24;3.982;37.3;5.8;12.512;1.932;1.181;12.135;199708
389;Romania;RO;2018;118.823;2.895;3.843;138.37;264.9;4.686;39;5.1;14.1;2.433;1.165;11.207;208644
390;Romania;RO;2019;116.603;3.018;3.643;140.01;253.22;5.333;38.1;4.9;14.937;2.858;1.122;11.729;217383
391;Romania;RO;2020;117.921;3.892;3.447;128.63;226.2;5.588;38.9;6.1;19.733;3.194;1.124;10.91;208839
392;Slovakia;SK;2004;118.156;10.021;9.322;63.77;61.12;3.472;15.382;15.817;5.703;5.456;1.482;28.906;57575.6451
393;Slovakia;SK;2005;118.563;10.185;9.647;59.33;58.44;3.683;15.1;14.684;17.208;5.752;1.355;33.638;61389.14631
394;Slovakia;SK;2006;109.36;8.564;8.791;72.46;55.98;4.286;14.7;14.2;21.851;6.079;1.348;39.537;66603.03474
395;Slovakia;SK;2007;105.94;6.962;7.935;76.49;71.55;5.267;13.9;14.1;33.456;6.109;1.317;50.306;73817.49475
396;Slovakia;SK;2008;117.616;6.426;9.911;85.16;99.03;6.259;13.2;12.6;80.635;7.269;1.29;28.716;77932.73687
397;Slovakia;SK;2009;103.1;6.863;11.886;65.58;98.89;7.177;14.6;15.2;81.036;7.539;1.257;29.337;73681.09013
398;Slovakia;SK;2010;86.74;8.503;13.862;100;100;7.699;15.6;17.5;90.081;9.163;1.225;45.118;78318.05183
399;Slovakia;SK;2011;96.679;6.789;14.477;118.62;101.97;8.382;16.4;16.8;104.622;8.856;1.278;32.225;80383.6109
400;Slovakia;SK;2012;90.606;6.703;15.092;133.62;164.81;9.099;17.2;17.8;103.979;8.649;1.276;40.636;81475.40265
401;Slovakia;SK;2013;99.415;5.398;15.707;130.25;62.64;9.158;15.4;17.7;104.785;8.551;1.327;41.636;82008.87531
402;Slovakia;SK;2014;110.157;4.325;18.373;143.33;132.02;9.164;16.2;15.6;123.775;9.543;1.365;19.088;84243.10364
403;Slovakia;SK;2015;100;5.225;21.04;142.84;69.19;9.627;15;13.6;147.623;9.63;1.331;39.045;88636.92891
404;Slovakia;SK;2016;113.297;4.906;23.706;173.43;85.02;9.849;17.3;11.5;153.309;9.916;1.38;16.671;90349.11145
405;Slovakia;SK;2017;107.088;5.64;26.365;205.69;101.24;9.167;14.8;10;154.045;10.067;1.31;27.356;93041.68399
406;Slovakia;SK;2018;107.881;5.256;27.853;201.55;85.89;9.499;14.8;8.4;151.636;10.005;1.327;10.975;96572.06746
407;Slovakia;SK;2019;105.32;5.081;30.181;189.15;90.135;10.152;14.3;6.9;155.379;10.481;1.303;11;99088.12649
408;Slovakia;SK;2020;105.579;6.172;32.704;207.13;88.098;9.869;13.8;7.9;189.964;11.193;1.282;10.114;94769.119
409;Slovenia;SI;2004;100.43;4.644;9.719;91.48;91.31;10.956;13.786;6.371;3.074;4.675;3.624;52.904;37079.64454
410;Slovenia;SI;2005;97.62;4.907;9.638;93.32;93.74;11.216;13.6;6.2;3.458;4.519;3.464;43.731;38487.91929
411;Slovenia;SI;2006;96.619;4.913;9.043;91.17;90.73;11.748;13.3;5.4;4.318;5.499;3.548;68.947;40699.58789
412;Slovenia;SI;2007;93.413;4.672;8.448;101.17;104.12;12.455;13.6;4.8;8.695;5.884;3.481;60.48;43540.48455
413;Slovenia;SI;2008;94.551;4.753;8.188;88.39;87.77;13.306;14.1;4.2;16.005;4.769;2.869;35.5;45068.68656
414;Slovenia;SI;2009;94.513;5.127;7.927;86.06;85.52;13.786;12.5;5.8;27.819;4.703;2.76;41.278;41666.70479
415;Slovenia;SI;2010;96.683;4.965;7.667;100;100;12.746;14.5;6.8;58.346;4.921;2.774;35.219;42226.6005
416;Slovenia;SI;2011;96.514;4.72;8.048;114.01;119.54;13.505;15.1;8;42.78;5.172;2.748;37.067;42590.30992
417;Slovenia;SI;2012;92.171;4.959;8.428;90.72;89.02;13.856;14.4;9.1;47.631;5.737;2.72;44.901;41466.16477
418;Slovenia;SI;2013;87.872;5.01;8.809;91.14;91.46;13.816;16;9.9;43.1;6.342;2.703;54.231;41039.36068
419;Slovenia;SI;2014;88.726;4.845;8.56;103.21;104.8;13.885;16;9.3;35.294;6.707;2.696;33.466;42175.39537
420;Slovenia;SI;2015;100;4.268;8.31;114.1;119.95;14.782;14.8;8.8;36.01;6.844;2.708;34.833;43107.50602
421;Slovenia;SI;2016;106.303;4.311;8.061;104.45;105.16;14.96;14.7;7.3;39.354;7.058;2.764;32.786;44483.43404
422;Slovenia;SI;2017;101.595;4.515;7.996;97.5;95.14;14.965;14.1;6;35.445;7.515;2.77;50.899;46625.48071
423;Slovenia;SI;2018;102.827;4.159;7.933;135.56;146.01;15.456;13.4;4.7;33.333;7.817;2.718;43.4;48687.50265
424;Slovenia;SI;2019;105.853;4.204;7.775;121.04;125.33;16.485;12.1;4.4;31.848;8.107;2.727;44.739;50270.10518
425;Slovenia;SI;2020;106.709;4.35;7.739;129.88;136.01;16.857;12.2;4.5;38.391;8.566;2.666;42.039;48144.05103
426;Spain;ES;2004;84.027;2.965;11.223;116.3;115.84;9.623;28.5;12.1;3.515;1.931;1.526;42.896;1101150
427;Spain;ES;2005;77.475;3.236;10.966;102.88;94.67;9.599;27.7;9.7;8.166;2.136;1.453;44.943;1141360
428;Spain;ES;2006;86.148;2.77;10.18;98.43;87.1;10.25;28.1;9;9.759;2.575;1.476;42.15;1188190
429;Spain;ES;2007;84.365;2.616;9.394;110.5;105.32;10.679;27.1;8.7;11.517;2.874;1.547;41.644;1231020
430;Spain;ES;2008;94.327;2.778;9.476;93.84;86.33;13.236;23.4;12;12.968;4.015;1.411;30.411;1241940
431;Spain;ES;2009;94.243;2.979;9.559;94.27;87.89;13.678;24.8;19;33.156;4.758;1.432;35.67;1195200
432;Spain;ES;2010;95.771;3;9.641;100;100;13.107;26.6;20.8;40.304;5.206;1.463;40.107;1197150
433;Spain;ES;2011;101.696;2.938;8.534;101.19;101.94;12.376;26.1;22.6;32.561;6.015;1.44;33.947;1187400
434;Spain;ES;2012;89.373;3.439;7.428;102.74;102.8;12.113;24.5;27.6;24.728;6.52;1.411;38.831;1152260
435;Spain;ES;2013;103.966;3.125;6.321;112.88;120.87;12.094;27.6;28.8;36.411;6.023;1.452;33.974;1135720
436;Spain;ES;2014;95.723;3.244;6.457;118.57;131.76;12.001;27.9;27.2;52.118;6.258;1.516;47.02;1151440
437;Spain;ES;2015;100;3.13;6.594;125.24;142.86;12.363;27.6;24.5;48.398;7.407;1.557;45.547;1195600
438;Spain;ES;2016;103.557;3.069;6.73;135.84;154.04;13.217;28.1;21.5;53.991;7.686;1.574;39;1231840
439;Spain;ES;2017;96.579;3.242;6.725;134.51;158.57;13.366;25.9;17.8;68.809;7.918;1.595;49.3;1268470
440;Spain;ES;2018;110.296;3.164;6.593;132.14;157.28;13.824;26.1;15.3;70.371;8.58;1.588;43.039;1297510
441;Spain;ES;2019;100.719;3.23;6.447;128.26;149.51;14.081;24;14;79.982;8.986;1.583;42.77;1324560
442;Spain;ES;2020;106.807;3.185;6.252;140.1;168.19;14.477;23.8;14.8;106.052;9.967;1.583;42.996;1181210
443;Sweden;SE;2004;97.606;5.682;11;75.3;53.16;13.64;11.3;6.5;2.141;7.044;2.452;44.613;403732
444;Sweden;SE;2005;98.208;5.931;10.878;81.48;71.61;14.046;9.5;7.7;7.522;6.957;2.362;44.122;415273
445;Sweden;SE;2006;102.707;6.153;10.604;92.6;89.99;14.661;12.3;7;14.133;7.155;2.361;49.936;434637
446;Sweden;SE;2007;91.039;6.056;10.33;112.28;114.42;15.482;10.5;6.1;16.579;9.875;2.376;45.197;449585
447;Sweden;SE;2008;96.512;6.359;9.807;99.22;95.93;16.949;13.3;6.3;48.778;10.937;2.449;51.121;447559
448;Sweden;SE;2009;95.301;6.486;9.284;77.27;58.9;17.47;14.7;8.7;67.055;12.552;2.357;30.454;428136
449;Sweden;SE;2010;100.631;6.743;8.761;100;100;16.94;14.6;8.9;74.91;14.279;2.387;42.477;453619
450;Sweden;SE;2011;97.398;6.857;8.348;102.88;91.31;17.528;15.4;7.8;79.994;15.69;2.406;42.445;468114
451;Sweden;SE;2012;94.952;7.097;7.934;102.18;86.8;18.384;15.5;7.4;85.964;15.768;2.377;32.027;465360
452;Sweden;SE;2013;93.349;7.216;7.521;92.5;67.6;19.519;16.9;7.4;87.985;16.518;2.389;34.75;470887
453;Sweden;SE;2014;101.119;6.811;7.948;101.48;87.86;19.012;16.1;7;95.657;16.541;2.443;30.721;483402
454;Sweden;SE;2015;100;6.632;8.374;107.14;108.65;19.366;16;6.8;93.318;17.138;2.43;31.785;505104
455;Sweden;SE;2016;98.55;6.744;8.801;97.46;89.08;20.425;16.5;6.6;96.835;18.306;2.423;36.486;515562
456;Sweden;SE;2017;101.049;6.341;9.034;115.91;121.85;18.79;19.3;6.2;90.288;19.161;2.474;34.91;528802
457;Sweden;SE;2018;100.134;6.973;8.939;91.97;73.45;19.141;19.3;5.9;151.957;20.297;2.372;33.816;539113
458;Sweden;SE;2019;122.18;6.98;8.91;102.18;102.85;18.56;19;6.4;176.123;20.434;2.404;29.812;549821
459;Sweden;SE;2020;114.744;7.197;8.69;99.44;98.52;18.548;18.2;7.3;204.296;22.506;2.379;30.17;533612
460;United Kingdom;UK;2004;97.267;3.353;7.58;78.21;64.53;17.816;16.366;2.9;9.394;3.89;3.208;67.479;2539680
461;United Kingdom;UK;2005;95.789;3.266;7.572;77.71;63.62;17.855;16.4;3.4;10.916;3.39;3.193;64.561;2605540
462;United Kingdom;UK;2006;93.614;3.568;7.044;76.97;62.54;18.937;19.7;3.7;12.78;3.419;2.981;59.151;2672870
463;United Kingdom;UK;2007;91.019;3.89;6.516;79.24;65.96;19.827;18.8;3.7;22.494;3.729;2.953;60.677;2733530
464;United Kingdom;UK;2008;99.134;3.788;6.732;100;100.76;18.851;15;3.7;16.475;4.154;2.915;56.429;2726980
465;United Kingdom;UK;2009;96.282;4.028;6.947;102.57;105.44;17.124;16;5.1;12.929;4.18;2.896;58.066;2611160
466;United Kingdom;UK;2010;97.811;3.964;7.163;100;100;16.656;13.5;5.4;17.211;4.066;2.934;62.209;2666810
467;United Kingdom;UK;2011;99.831;3.679;6.987;116.45;124.72;16.482;13.3;5.8;18.028;3.706;2.931;59.621;2705680
468;United Kingdom;UK;2012;92.414;4.082;6.811;110.36;115.09;17.772;13;5.1;26.06;3.409;2.918;61.433;2745450
469;United Kingdom;UK;2013;93.029;3.991;6.635;119;127.62;17.784;12.6;4.9;33.111;3.235;2.919;62.038;2797340
470;United Kingdom;UK;2014;98.021;3.523;6.769;117.13;123.9;18.324;14.7;4.1;39.175;3.135;2.982;59.783;2881020
471;United Kingdom;UK;2015;100;3.486;6.903;99.91;94.32;18.848;15.5;3.7;47.57;2.933;3.006;59.022;2956570
472;United Kingdom;UK;2016;94.774;3.812;7.037;98.16;90.68;18.615;12.6;3.8;85.314;2.835;2.982;60.849;3023490
473;United Kingdom;UK;2017;97.083;3.727;7.039;118.56;123.53;19.101;14;3.3;103.688;2.899;2.987;60.471;3088030
474;United Kingdom;UK;2018;94.758;3.924;7.029;106.21;103.67;19.135;18.5;2.9;102.746;2.64;2.965;60.027;3139010
475;United Kingdom;UK;2019;98.885;3.474;7.113;110.76;109.88;19.717;17.418;2.7;102.22;2.656;2.928;58.812;3191490
476;United Kingdom;UK;2020;96.56;3.982;7.157;95.12;85.73;19.762;17.715;2.609;116.762;2.616;2.892;57.627;2891620
